Capitais,Results Equal,Vulnerability Equal,Results Entropy,Vulnerability Entropy
Manaus,-0.505,5,-0.668373210123742,5
Macapá,-0.38999999999999996,5,-0.260302373663144,5
Belém,-0.36500000000000005,5,-0.39631517686386947,5
Maceió,-0.30500000000000005,5,-0.3520143227263858,5
Boa Vista,-0.265,5,-0.04022546777434349,3
São Luís,-0.22499999999999998,5,-0.5645690017916867,5
Rio Branco,-0.21499999999999997,4,-0.35287047701206464,5
Recife,-0.20499999999999996,4,-0.16482853022728738,4
João Pessoa,-0.15999999999999998,4,-0.13644111201345016,4
Fortaleza,-0.08500000000000002,4,0.2794854925005731,2
Aracaju,-0.08000000000000002,4,0.1933484570116697,2
Porto Velho,-0.07500000000000001,3,-0.17052817709449908,4
Teresina,-0.05499999999999999,3,-0.11080033344693596,4
Natal,-0.010000000000000009,3,0.042513190445464644,3
Cuiabá,0.08000000000000002,3,0.2162347167209539,2
Palmas,0.10500000000000004,3,0.2256127353334627,2
Campo Grande,0.11000000000000004,2,-0.2209742659266838,4
Vitória,0.17499999999999993,2,0.042009672037117585,3
Salvador,0.17999999999999994,2,0.3570930266505951,1
São Paulo,0.18499999999999994,2,0.3441031688186512,1
Rio de Janeiro,0.19999999999999996,2,0.15008455422630596,3
Belo Horizonte,0.27,1,0.1631698139843914,2
Goiânia,0.29500000000000004,1,0.13995101570203217,3
Porto Alegre,0.37500000000000006,1,0.46930990553783125,1
Curitiba,0.46499999999999997,1,0.5294783587756305,1
Florianópolis,0.5,1,0.2858483409194126,1
